open_time,open,high,low,close,volume,close_time,quote_asset_volume,number_of_trades,taker_buy_base_volume,taker_buy_quote_volume,ignore,return_1h,lag_close_1,lag_close_3,lag_close_6,lag_close_24,rolling_mean_6,rolling_std_6,price_range,volume_change,target_close_next
2026-09-17 20:00:00+00:00,76594.01,76732.99,76500.0,76556.01,198.7874,2026-09-17 20:59:59.999000+00:00,15226310.7231482,44609,100.06026,7664927.7276211,0,-0.0004961223469041043,76594.01,76667.86,76502.46,76178.34,76654.55166666668,95.13376591229414,232.99000000000524,-0.3199881790855541,76415.85
2026-09-17 21:00:00+00:00,76556.01,76616.01,76395.51,76415.85,210.95396,2026-09-17 21:59:59.999000+00:00,16144026.8405563,35573,93.0639,7122202.2802432,0,-0.0018308164179401398,76556.01,76575.96,76780.01,75976.0,76593.85833333334,113.48019658362202,220.5,0.06120387911909919,76420.0
2026-09-17 22:00:00+00:00,76415.85,76458.55,76259.98,76420.0,270.75161,2026-09-17 22:59:59.999000+00:00,20675777.3195985,51149,143.02062,10922005.6837905,0,5.430810492845772e-05,76415.85,76594.01,76753.46,75675.88,76538.28166666666,100.60835738973067,198.57000000000698,0.28346303619993685,76417.01
2026-09-17 23:00:00+00:00,76419.99,76510.01,76384.04,76417.01,255.57512,2026-09-17 23:59:59.999000+00:00,19539934.6309437,40648,135.27188,10341647.9022368,0,-3.9125883276702744e-05,76420.0,76556.01,76667.86,76206.01,76496.47333333334,87.22254311049484,125.97000000000116,-0.05605318468835707,76590.0
2026-09-18 00:00:00+00:00,76417.01,76590.0,76296.0,76590.0,376.57511,2026-09-18 00:59:59.999000+00:00,28781072.4830075,59292,228.75546,17481938.8385096,0,0.0022637630025044153,76417.01,76415.85,76575.96,76342.77,76498.81333333334,89.92787524823349,294.0,0.47344197666815147,76744.01
2026-09-18 01:00:00+00:00,76589.99,76763.86,76520.0,76744.01,577.60341,2026-09-18 01:59:59.999000+00:00,44255197.6322913,75712,240.6148,18433036.0291958,0,0.002010836923880266,76590.0,76420.0,76594.01,76374.21,76523.81333333334,132.47196966400276,243.86000000000058,0.533833210591109,76988.3
2026-09-18 02:00:00+00:00,76744.01,77042.2,76644.0,76988.3,712.34227,2026-09-18 02:59:59.999000+00:00,54777694.8849103,81696,431.5225,33177272.0941688,0,0.003183180029294963,76744.01,76417.01,76556.01,76370.01,76595.86166666666,232.94187166900005,398.1999999999971,0.23327227240573234,77383.47
2026-09-18 03:00:00+00:00,76988.31,77597.83,76981.94,77383.47,920.49271,2026-09-18 03:59:59.999000+00:00,71207717.4590719,119626,586.57548,45371997.4816828,0,0.005132857849829087,76988.3,76590.0,76415.85,76441.99,76757.13166666667,375.01578289006324,615.8899999999994,0.29220565557621625,77575.97
2026-09-18 04:00:00+00:00,77383.47,77575.98,77216.76,77575.97,724.0507,2026-09-18 04:59:59.999000+00:00,55994365.0833727,83301,426.2406,32961931.4904312,0,0.0024876113722995807,77383.47,76744.01,76420.0,76539.81,76949.79333333333,455.48030379658985,359.22000000000116,-0.21340963145704872,77493.8
2026-09-18 05:00:00+00:00,77575.98,77715.48,77442.93,77493.8,717.75458,2026-09-18 05:59:59.999000+00:00,55663446.7308405,97379,392.345,30429559.9845643,0,-0.0010592197558083605,77575.97,76988.3,76417.01,76333.88,77129.25833333333,413.79961128137916,272.5500000000029,-0.008695689404070728,77604.0
2026-09-18 06:00:00+00:00,77493.8,77679.62,77402.32,77604.0,542.00013,2026-09-18 06:59:59.999000+00:00,42024527.6998014,82898,336.42667,26086393.7248963,0,0.0014220492478107527,77493.8,77383.47,76590.0,76477.45,77298.25833333333,351.9558754966451,277.29999999998836,-0.24486705469716408,77798.01
2026-09-18 07:00:00+00:00,77604.01,77850.0,77566.11,77798.01,1203.27789,2026-09-18 07:59:59.999000+00:00,93573338.5057016,114802,754.64519,58684883.9893806,0,0.0024999999999999467,77604.0,77575.97,76744.01,76462.76,77473.925,274.5077551362233,283.8899999999994,1.2200693752601128,78272.15
2026-09-18 08:00:00+00:00,77798.0,78279.8,77660.0,78272.15,1082.03924,2026-09-18 08:59:59.999000+00:00,84355126.5888868,122469,601.47183,46895100.6367827,0,0.006094500360613431,77798.01,77493.8,76988.3,76574.63,77687.9,317.29867456375234,619.8000000000029,-0.10075698307728398,78212.01
2026-09-18 09:00:00+00:00,78271.48,78490.79,77961.57,78212.01,1198.98878,2026-09-18 09:59:59.999000+00:00,93797887.7619453,122803,618.04782,48357417.4175779,0,-0.0007683448071887922,78272.15,77604.0,77383.47,76468.05,77825.99,337.9327811857067,529.2199999999866,0.1080825312767768,78285.34
2026-09-18 10:00:00+00:00,78212.0,78369.86,78102.0,78285.34,396.04476,2026-09-18 10:59:59.999000+00:00,30981260.7331661,68295,218.58894,17100634.7663801,0,0.0009375797911344019,78212.01,77798.01,77575.97,76402.01,77944.21833333332,356.5438576901414,267.8600000000006,-0.6696843485057467,78062.0
2026-09-18 11:00:00+00:00,78285.35,78450.01,78026.0,78062.0,564.41098,2026-09-18 11:59:59.999000+00:00,44120661.5054261,98258,247.50423,19350198.8563881,0,-0.002852896851441078,78285.34,78272.15,77493.8,76482.0,78038.91833333333,280.2873233961248,424.00999999999476,0.4251191708735145,78043.11
2026-09-18 12:00:00+00:00,78062.01,78182.01,77982.88,78043.11,508.65462,2026-09-18 12:59:59.999000+00:00,39708299.858957,80927,209.83449,16381489.6424117,0,-0.00024198713842837893,78062.0,78212.01,77604.0,76736.59,78112.10333333333,185.22001313724493,199.1299999999901,-0.09878680956915464,80073.09
2026-09-18 13:00:00+00:00,78043.12,80500.0,77972.3,80073.09,3127.05627,2026-09-18 13:59:59.999000+00:00,248583225.36417672,341061,1988.9151,157978832.6274093,0,0.02601100853105409,78043.11,78285.34,77798.01,76694.07,78491.28333333333,781.7520728124365,2527.699999999997,5.14770051631498,80937.83
2026-09-18 14:00:00+00:00,80073.09,80989.99,80073.09,80937.83,3674.82612,2026-09-18 14:59:59.999000+00:00,295917272.661041,409949,2071.56354,166775128.8661596,0,0.010799383413329089,80073.09,78062.0,78272.15,76502.46,78935.56333333334,1249.7155180866237,916.9000000000087,0.17517108830280192,80725.6
2026-09-18 15:00:00+00:00,80937.83,81154.67,80501.0,80725.6,1900.06383,2026-09-18 15:59:59.999000+00:00,153601586.8857212,247038,917.67957,74218755.192884,0,-0.0026221360271210248,80937.83,78043.11,78212.01,76780.01,79354.495,1373.799386704563,653.6699999999983,-0.4829513647845738,80846.74
2026-09-18 16:00:00+00:00,80725.6,81258.01,80671.53,80846.74,1155.99511,2026-09-18 16:59:59.999000+00:00,93579466.3440917,214129,513.87197,41598089.3290318,0,0.0015006392024339288,80725.6,80073.09,78285.34,76753.46,79781.395,1373.088842030919,586.4799999999959,-0.39160196002467973,81019.0
2026-09-18 17:00:00+00:00,80846.75,81019.01,80555.54,81019.0,719.2946,2026-09-18 17:59:59.999000+00:00,58113004.1700865,150993,342.46122,27677960.091502,0,0.002130698158020916,80846.74,80937.83,78062.0,76667.86,80274.22833333333,1144.1069568779212,463.47000000000116,-0.37777020527361926,80938.43
2026-09-18 18:00:00+00:00,81019.0,81148.0,80796.92,80938.43,787.61867,2026-09-18 18:59:59.999000+00:00,63763582.394046,133447,414.94314,33599411.0127382,0,-0.000994458090077699,81019.0,80725.6,78043.11,76575.96,80756.78166666666,349.5803665774728,351.08000000000175,0.09498760313229093,81204.76
2026-09-18 19:00:00+00:00,80938.44,81400.0,80912.0,81204.76,838.29021,2026-09-18 19:59:59.999000+00:00,68062771.6665246,157676,415.38779,33730932.9729198,0,0.0032905258972777407,80938.43,80846.74,80073.09,76594.01,80945.39333333333,161.76296902082674,488.0,0.0643351179067404,81110.01
2026-09-18 20:00:00+00:00,81204.77,81235.0,80941.65,81110.01,620.55238,2026-09-18 20:59:59.999000+00:00,50324328.4462629,109366,235.30239,19081416.2998701,0,-0.0011668035223550977,81204.76,81019.0,80937.83,76556.01,80974.09,174.8923906857185,293.3500000000058,-0.2597403946778766,81238.2
2026-09-18 21:00:00+00:00,81110.01,81300.0,81092.0,81238.2,488.11936,2026-09-18 21:59:59.999000+00:00,39634279.6716609,76837,225.13848,18281146.6717944,0,0.0015804461126314173,81110.01,80938.43,80725.6,76415.85,81059.52333333333,153.0688909819149,208.0,-0.21341150927501074,81139.02
2026-09-18 22:00:00+00:00,81238.2,81370.57,81077.55,81139.02,440.33445,2026-09-18 22:59:59.999000+00:00,35761994.3996242,68803,204.89217,16639702.8784378,0,-0.001220854228675572,81238.2,81204.76,80846.74,76420.0,81108.23666666666,113.09771609733752,293.0200000000041,-0.0978959531537531,80883.87
2026-09-18 23:00:00+00:00,81139.03,81200.0,80862.61,80883.87,631.39344,2026-09-18 23:59:59.999000+00:00,51140678.47938,76352,310.0479,25118736.2550627,0,-0.0031446029296386957,81139.02,81110.01,81019.0,76417.01,81085.715,143.7284471138809,337.3899999999994,0.43389516763905256,81668.98
2026-09-19 00:00:00+00:00,80883.86,81668.99,80844.58,81668.98,754.37622,2026-09-19 00:59:59.999000+00:00,61284330.0350252,108783,481.1917,39098794.8888987,0,0.009706632484326017,80883.87,81238.2,80938.43,76590.0,81207.47333333333,258.00929096921067,824.4100000000035,0.19477994576567026,81280.99
2026-09-19 01:00:00+00:00,81668.99,81741.0,81050.0,81280.99,565.42177,2026-09-19 01:59:59.999000+00:00,45998018.8091681,126630,215.5588,17540503.3651788,0,-0.004750763386539014,81668.98,81139.02,81204.76,76744.01,81220.17833333333,259.72015981905435,691.0,-0.25047773907825455,81304.72
2026-09-19 02:00:00+00:00,81281.0,81445.71,81264.0,81304.72,394.3587,2026-09-19 02:59:59.999000+00:00,32077360.9700934,70904,144.46652,11750967.4463953,0,0.00029195018416960927,81280.99,80883.87,81110.01,76988.3,81252.63,255.3289544093429,181.7100000000064,-0.302540650318434,81136.01
2026-09-19 03:00:00+00:00,81304.73,81402.01,81114.08,81136.01,229.75185,2026-09-19 03:59:59.999000+00:00,18665023.1369905,46925,87.22655,7086090.7912782,0,-0.002075033282200711,81304.72,81668.98,81238.2,77383.47,81235.59833333333,259.8522304242068,287.929999999993,-0.41740387621726116,81024.0
2026-09-19 04:00:00+00:00,81136.02,81228.03,80911.12,81024.0,323.92635,2026-09-19 04:59:59.999000+00:00,26260930.5731335,63706,128.50816,10420115.8091155,0,-0.0013805214232249785,81136.01,81280.99,81139.02,77575.97,81216.42833333333,272.3444345244364,316.9100000000035,0.40989659060416717,81040.01
2026-09-19 05:00:00+00:00,81024.01,81146.01,81012.0,81040.01,235.78799,2026-09-19 05:59:59.999000+00:00,19113592.8168532,47112,76.92008,6235422.2706282,0,0.000197595774091619,81024.0,81304.72,80883.87,77493.8,81242.45166666666,239.71756509783495,134.00999999999476,-0.272093826266372,81052.01
2026-09-19 06:00:00+00:00,81040.01,81101.68,80925.76,81052.01,223.96356,2026-09-19 06:59:59.999000+00:00,18147436.4847192,42451,89.87955,7283105.3740155,0,0.0001480750064073444,81040.01,81136.01,81668.98,77604.0,81139.62333333334,125.07770987044071,175.91999999999825,-0.05014856778752819,81100.16
2026-09-19 07:00:00+00:00,81052.02,81250.0,81032.0,81100.16,250.51895,2026-09-19 07:59:59.999000+00:00,20322067.1628129,46836,121.73402,9875168.0373292,0,0.0005940629973273381,81052.01,81024.0,81280.99,77798.01,81109.485,104.2545662777725,218.0,0.11857013703479247,81312.01
2026-09-19 08:00:00+00:00,81100.17,81413.27,81075.28,81312.01,342.31658,2026-09-19 08:59:59.999000+00:00,27813191.8662075,71258,217.35258,17656410.9821637,0,0.0026122019981216216,81100.16,81040.01,81304.72,78272.15,81110.7,106.99148190284173,337.99000000000524,0.3664298848450387,81325.77
2026-09-19 09:00:00+00:00,81312.01,81528.01,81246.5,81325.77,433.58513,2026-09-19 09:59:59.999000+00:00,35286239.485418,77431,198.68722,16172084.6250188,0,0.00016922469386759786,81312.01,81052.01,81136.01,78212.01,81142.32666666666,139.1753703297918,281.50999999999476,0.2666203021775926,81216.7
2026-09-19 10:00:00+00:00,81325.38,81330.29,81199.99,81216.7,532.29651,2026-09-19 10:59:59.999000+00:00,43260047.658141,50225,247.98007,20150816.5410058,0,-0.0013411493060564439,81325.77,81100.16,81024.0,78285.34,81174.44333333333,128.2109430058002,130.29999999998836,0.22766320422473907,81302.63
2026-09-19 11:00:00+00:00,81216.71,81374.15,81212.98,81302.63,328.56609,2026-09-19 11:59:59.999000+00:00,26710528.2249789,36519,162.30052,13193537.1113515,0,0.0010580336310144212,81216.7,81312.01,81040.01,78062.0,81218.21333333333,117.52008554472687,161.16999999999825,-0.3827385980794802,81330.0
2026-09-19 12:00:00+00:00,81302.63,81369.86,81223.16,81330.0,317.04895,2026-09-19 12:59:59.999000+00:00,25774793.5510315,47682,134.53118,10937195.2320948,0,0.0003366434763549808,81302.63,81325.77,81052.01,78043.11,81264.545,90.60664804403686,146.6999999999971,-0.03505273474812931,81364.01
2026-09-19 13:00:00+00:00,81330.01,81366.46,81183.28,81364.01,395.12402,2026-09-19 13:59:59.999000+00:00,32114243.3210641,56113,210.95913,17146444.4298605,0,0.0004181728759373726,81330.0,81216.7,81100.16,80073.09,81308.52,49.63038907543942,183.18000000000757,0.24625557031493073,81586.01
2026-09-19 14:00:00+00:00,81364.0,81639.61,81342.0,81586.01,636.7659,2026-09-19 14:59:59.999000+00:00,51893289.7174873,80538,384.06981,31298529.6843227,0,0.002728479090448044,81364.01,81302.63,81312.01,80937.83,81354.18666666666,123.92879482367898,297.6100000000006,0.6115595807108867,81636.01
2026-09-19 15:00:00+00:00,81586.02,81951.0,81566.79,81636.01,1013.35194,2026-09-19 15:59:59.999000+00:00,82819079.3420889,128019,572.13567,46757656.2942326,0,0.0006128501687974186,81586.01,81330.0,81325.77,80725.6,81405.89333333333,166.9533700961253,384.2100000000064,0.5914042193528266,81839.49
2026-09-19 16:00:00+00:00,81636.01,81914.01,81472.0,81839.49,733.82297,2026-09-19 16:59:59.999000+00:00,60022233.1510297,117799,484.70091,39650686.5561685,0,0.0024925275010379,81636.01,81364.01,81216.7,80846.74,81509.69166666667,213.04202725392585,442.00999999999476,-0.27584589219812417,81464.01
2026-09-19 17:00:00+00:00,81839.48,81857.21,81447.9,81464.01,484.00387,2026-09-19 17:59:59.999000+00:00,39505122.221736,79445,184.28196,15042642.7852847,0,-0.0045880051305305924,81839.49,81586.01,81302.63,81019.0,81536.58833333333,190.68624684665923,409.3100000000122,-0.340435105213455,81428.07
2026-09-19 18:00:00+00:00,81464.0,81534.01,81334.0,81428.07,267.92194,2026-09-19 18:59:59.999000+00:00,21820564.3464177,69068,96.98573,7898471.3222085,0,-0.0004411764164320431,81464.01,81636.01,81330.0,80938.43,81552.93333333333,172.80090204181792,200.00999999999476,-0.4464466988662714,81354.01
2026-09-19 19:00:00+00:00,81428.07,81454.01,81309.68,81354.01,261.59782,2026-09-19 19:59:59.999000+00:00,21286841.0788803,43098,112.77897,9176036.7791226,0,-0.0009095143726237653,81428.07,81839.49,81364.01,81204.76,81551.26666666666,175.0214608168542,144.33000000000175,-0.023604337890357097,81155.33
2026-09-19 20:00:00+00:00,81354.01,81431.13,81080.24,81155.33,460.01461,2026-09-19 20:59:59.999000+00:00,37386221.3831709,66451,174.09308,14143730.4347616,0,-0.0024421660345936846,81354.01,81464.01,81586.01,81110.01,81479.48666666668,235.71469751897,350.8899999999994,0.7584802885589794,81100.41
2026-09-19 21:00:00+00:00,81155.33,81222.15,80904.46,81100.41,489.7616,2026-09-19 21:59:59.999000+00:00,39692920.0392327,90069,152.03342,12322878.4520319,0,-0.0006767269629732731,81155.33,81428.07,81636.01,81238.2,81390.22,264.27085794651254,317.6899999999878,0.06466531573855883,81261.35
2026-09-19 22:00:00+00:00,81100.42,81268.01,80962.0,81261.35,319.56997,2026-09-19 22:59:59.999000+00:00,25918195.3947913,44614,146.37587,11875960.1524285,0,0.00198445359277466,81100.41,81354.01,81839.49,81139.02,81293.86333333334,147.14056716774215,306.00999999999476,-0.3474989260080823,81249.99
2026-09-19 23:00:00+00:00,81261.35,81373.34,81221.33,81249.99,669.91377,2026-09-19 23:59:59.999000+00:00,54449574.8135068,36713,309.91112,25187277.2827166,0,-0.00013979585620960133,81261.35,81155.33,81464.01,80883.87,81258.19333333334,121.31992444130267,152.00999999999476,1.0962976277151446,81293.37
2026-09-20 00:00:00+00:00,81249.99,81330.01,81208.83,81293.37,451.18444,2026-09-20 00:59:59.999000+00:00,36675996.7316424,41933,276.53138,22478568.8165522,0,0.0005339077580193141,81249.99,81100.41,81428.07,81668.98,81235.74333333333,92.68001006927939,121.17999999999302,-0.32650370808171325,81097.99
2026-09-20 01:00:00+00:00,81293.37,81300.0,81027.11,81097.99,269.37026,2026-09-20 01:59:59.999000+00:00,21852113.3171674,49214,113.84446,9234300.793513,0,-0.002403394028319794,81293.37,81261.35,81354.01,81280.99,81193.07333333333,86.03781067902784,272.8899999999994,-0.4029708559984915,80331.52
2026-09-20 02:00:00+00:00,81098.0,81175.62,80263.66,80331.52,1157.59556,2026-09-20 02:59:59.999000+00:00,93383139.2083751,134761,361.84192,29195207.0517172,0,-0.009451159023793343,81097.99,81249.99,81155.33,81304.72,81055.77166666667,364.62353881289005,911.9599999999919,3.2974141243357753,80486.38
2026-09-20 03:00:00+00:00,80331.52,80525.83,80126.04,80486.38,1168.06535,2026-09-20 03:59:59.999000+00:00,93874558.9802281,127772,647.30402,52030132.6508176,0,0.0019277613569368413,80331.52,81293.37,81100.41,81136.01,80953.43333333333,429.91327212175094,399.79000000000815,0.009044428263011106,80432.4
2026-09-20 04:00:00+00:00,80486.38,80541.11,80311.01,80432.4,299.2223,2026-09-20 04:59:59.999000+00:00,24065342.7767731,64804,140.49289,11299543.6244278,0,-0.0006706724789959928,80486.38,81097.99,81261.35,81024.0,80815.275,444.131471109353,230.10000000000582,-0.7438308567238983,80494.31
2026-09-20 05:00:00+00:00,80432.4,80668.15,80408.7,80494.31,837.20344,2026-09-20 05:59:59.999000+00:00,67433830.0784899,88214,604.45671,48690667.1026337,0,0.0007697146920893072,80432.4,80331.52,81249.99,81040.01,80689.32833333332,401.28041095525487,259.4499999999971,1.7979313039168536,80309.44
2026-09-20 06:00:00+00:00,80494.31,80607.5,80227.27,80309.44,458.02321,2026-09-20 06:59:59.999000+00:00,36819834.9225295,64977,217.66375,17496980.5366247,0,-0.002296684076178779,80494.31,80486.38,81293.37,81052.01,80525.34,290.9383477641681,380.2299999999959,-0.4529128905633737,80311.61
2026-09-20 07:00:00+00:00,80309.45,80420.01,80288.0,80311.61,229.11226,2026-09-20 07:59:59.999000+00:00,18406475.7934984,42478,146.62109,11778737.2807018,0,2.7020484764994634e-05,80309.44,80432.4,81097.99,81100.16,80394.27666666667,87.07757154632002,132.00999999999476,-0.49978024039436786,80264.85
2026-09-20 08:00:00+00:00,80311.6,80453.9,80165.49,80264.85,288.38791,2026-09-20 08:59:59.999000+00:00,23166693.2469384,46452,172.29898,13842701.3473091,0,-0.0005822321330626323,80311.61,80494.31,80331.52,81312.01,80383.165,99.98456415736139,288.40999999998894,0.2587188044847535,80470.01
2026-09-20 09:00:00+00:00,80264.85,80581.82,80256.82,80470.01,215.53752,2026-09-20 09:59:59.999000+00:00,17333113.2455841,43008,141.97226,11414193.1987528,0,0.002556037916970899,80264.85,80309.44,80486.38,81325.77,80380.43666666666,96.77667108556544,325.0,-0.25261249682762354,80319.58
2026-09-20 10:00:00+00:00,80470.01,80515.83,80319.58,80319.58,199.82514,2026-09-20 10:59:59.999000+00:00,16061359.5186454,52708,90.13614,7244231.5590848,0,-0.0018693920878100068,80470.01,80311.61,80432.4,81216.7,80361.63333333335,95.61440700231124,196.25,-0.07289858396811844,80493.2
2026-09-20 11:00:00+00:00,80319.58,80534.64,80286.0,80493.2,592.53775,2026-09-20 11:59:59.999000+00:00,47652777.3062276,76381,424.26623,34121324.0414553,0,0.002161614888922525,80319.58,80264.85,80494.31,81302.63,80361.44833333333,95.30693435633903,248.63999999999942,1.9652812954366001,80493.76
2026-09-20 12:00:00+00:00,80493.21,80534.01,80327.64,80493.76,317.39005,2026-09-20 12:59:59.999000+00:00,25527735.1042257,54835,178.26001,14336937.0126746,0,6.957109420335783e-06,80493.2,80470.01,80309.44,81330.0,80392.16833333333,104.45693723445616,206.36999999999534,-0.46435471832807274,80564.57
2026-09-20 13:00:00+00:00,80493.76,80650.58,80428.0,80564.57,263.56917,2026-09-20 13:59:59.999000+00:00,21228136.04911,55495,159.13168,12816628.1152233,0,0.0008796955192553746,80493.76,80319.58,80311.61,81364.01,80434.32833333334,115.86557269699829,222.58000000000175,-0.1695733057794344,80682.01
2026-09-20 14:00:00+00:00,80564.58,80789.33,80414.0,80682.01,430.31363,2026-09-20 14:59:59.999000+00:00,34701961.1057448,82378,257.42455,20762109.096188,0,0.0014577127389867606,80564.57,80493.2,80264.85,81586.01,80503.855,118.94848712672467,375.33000000000175,0.6326402287490605,80912.0
2026-09-20 15:00:00+00:00,80682.01,80969.84,80666.66,80912.0,468.43514,2026-09-20 15:59:59.999000+00:00,37864242.4207854,101888,271.36214,21935873.9183168,0,0.0028505735045520897,80682.01,80493.76,80470.01,81636.01,80577.52,201.80256519612843,303.179999999993,0.08859005930163066,81334.01
2026-09-20 16:00:00+00:00,80912.0,81497.33,80811.03,81334.01,1104.23835,2026-09-20 16:59:59.999000+00:00,89666467.9149457,197506,730.88621,59344951.4190668,0,0.0052156664030056366,80912.0,80564.57,80319.58,81839.49,80746.59166666667,327.97990251905065,686.3000000000029,1.3572918760962298,81147.94
2026-09-20 17:00:00+00:00,81334.01,81462.0,81068.08,81147.94,620.12017,2026-09-20 17:59:59.999000+00:00,50398379.0093135,138244,320.33246,26035554.6596202,0,-0.0022877268685017604,81334.01,80682.01,80493.2,81464.01,80855.71500000001,335.6426131910862,393.91999999999825,-0.43841819114505487,81036.0
2026-09-20 18:00:00+00:00,81147.94,81314.01,81030.97,81036.0,239.43349,2026-09-20 18:59:59.999000+00:00,19431823.1491616,65582,98.90205,8028405.4235817,0,-0.001379455843241395,81147.94,80912.0,80493.76,81428.07,80946.08833333333,288.3633270310343,283.0399999999936,-0.6138917881029414,81177.32
2026-09-20 19:00:00+00:00,81036.0,81294.01,81036.0,81177.32,187.99727,2026-09-20 19:59:59.999000+00:00,15260008.530425,49177,105.55108,8566914.3933505,0,0.001743916284120628,81036.0,81334.01,80564.57,81354.01,81048.21333333333,228.51774247617976,258.00999999999476,-0.21482466801114586,81091.85
2026-09-20 20:00:00+00:00,81177.32,81224.27,81078.18,81091.85,225.52232,2026-09-20 20:59:59.999000+00:00,18301581.7792741,44003,85.55847,6943351.53422,0,-0.0010528802872526999,81177.32,81147.94,80682.01,81155.33,81116.52,142.06073785441993,146.09000000001106,0.1996042282954429,80932.01
2026-09-20 21:00:00+00:00,81091.86,81091.86,80579.43,80932.01,354.30196,2026-09-20 21:59:59.999000+00:00,28647834.5983397,137601,140.36864,11348564.3093968,0,-0.0019710982053068316,81091.85,81036.0,80912.0,81100.41,81119.855,136.42217015478926,512.4300000000076,0.5710283576366189,81222.85
2026-09-20 22:00:00+00:00,80932.01,81295.5,80774.56,81222.85,371.27801,2026-09-20 22:59:59.999000+00:00,30123495.8116773,118297,186.25144,15110007.987073,0,0.0035936337179813815,80932.01,81177.32,81334.01,81261.35,81101.32833333332,105.58524923685899,520.9400000000023,0.047914073069197816,81274.99
