open_time,open,high,low,close,volume,close_time,quote_asset_volume,number_of_trades,taker_buy_base_volume,taker_buy_quote_volume,ignore
1790107200000,86192.45000000,86378.32000000,86132.00000000,86264.01000000,646.72345000,1790110799999,55787269.33062700,66726,237.93125000,20524111.30711590,0
1790110800000,86264.01000000,86344.01000000,86178.00000000,86184.01000000,334.95129000,1790114399999,28892203.16709870,49702,123.88484000,10686226.21897240,0
1790114400000,86184.00000000,86284.01000000,86000.00000000,86124.01000000,473.14621000,1790117999999,40768809.30858090,90952,193.56867000,16679625.37205000,0
1790118000000,86124.01000000,86504.17000000,86095.31000000,86208.56000000,610.43797000,1790121599999,52643416.11452970,125706,304.93188000,26292721.73702100,0
1790121600000,86208.57000000,86588.30000000,86133.40000000,86457.30000000,617.38252000,1790125199999,53342409.54855770,110803,272.91972000,23577604.38379060,0
1790125200000,86457.31000000,86845.39000000,86169.74000000,86370.00000000,781.39738000,1790128799999,67648746.21858640,122224,479.42476000,41520141.62214510,0
1790128800000,86370.01000000,86638.15000000,86260.01000000,86552.26000000,553.16487000,1790132399999,47837612.70978710,104923,409.24814000,35391548.75253850,0
1790132400000,86552.27000000,86975.51000000,86436.35000000,86704.27000000,495.62113000,1790135999999,42987936.47882460,83961,305.51221000,26497039.64196990,0
1790136000000,86704.27000000,87278.54000000,86636.00000000,87166.95000000,876.93454000,1790139599999,76322337.77939530,138611,531.88187000,46284970.25163950,0
1790139600000,87166.94000000,87166.95000000,86424.00000000,86496.01000000,734.60459000,1790143199999,63752829.50199370,142309,285.36866000,24763637.58180760,0
1790143200000,86496.00000000,86609.93000000,86375.00000000,86469.66000000,728.90495000,1790146799999,63055773.10663660,79387,420.35006000,36363352.96707540,0
1790146800000,86469.67000000,86469.67000000,86000.00000000,86124.77000000,902.10402000,1790150399999,77824001.54924450,137131,342.24121000,29526696.96231970,0
1790150400000,86124.77000000,86264.01000000,85688.00000000,85899.99000000,908.01386000,1790153999999,78120204.29425910,134515,303.90759000,26143118.12069930,0
1790154000000,85899.99000000,86024.01000000,85734.01000000,85854.33000000,592.82384000,1790157599999,50916803.66184920,78620,263.40852000,22624327.74787490,0
1790157600000,85854.34000000,85934.02000000,85658.75000000,85923.07000000,574.90087000,1790161199999,49338244.00448690,95389,333.78046000,28647399.69784510,0
1790161200000,85923.07000000,85966.04000000,85450.88000000,85649.95000000,706.12351000,1790164799999,60460291.09725120,114013,280.93579000,24054099.75348830,0
1790164800000,85649.96000000,85675.04000000,85267.32000000,85510.91000000,731.94616000,1790168399999,62563289.37149680,137527,331.71449000,28356521.61232390,0
1790168400000,85510.90000000,85878.01000000,85288.00000000,85792.01000000,1074.83799000,1790171999999,92024842.29639060,215242,552.75865000,47329961.21215460,0
1790172000000,85792.01000000,85940.32000000,83864.07000000,84533.99000000,4612.32757000,1790175599999,389805969.07727490,426698,1921.21673000,162321919.75532520,0
1790175600000,84534.00000000,84794.01000000,83950.00000000,83996.01000000,1886.75286000,1790179199999,159273230.43920980,252474,758.87237000,64079358.42948160,0
1790179200000,83996.00000000,84363.19000000,83500.01000000,84038.00000000,1490.08224000,1790182799999,125158802.41947970,239856,672.93943000,56536098.84189310,0
1790182800000,84038.01000000,84392.56000000,83699.27000000,84326.56000000,1153.11912000,1790186399999,96946464.35593100,184082,647.16125000,54422465.74086030,0
1790186400000,84326.55000000,84411.00000000,84136.00000000,84330.00000000,661.40680000,1790189999999,55728858.93666060,119583,344.99088000,29065595.28423140,0
1790190000000,84330.00000000,84565.21000000,84228.00000000,84518.00000000,667.95349000,1790193599999,56386836.27605070,107988,339.69900000,28675336.46701300,0
1790193600000,84518.00000000,84569.94000000,84224.01000000,84232.86000000,422.98773000,1790197199999,35679602.61228960,76380,138.45005000,11679545.16837670,0
1790197200000,84232.86000000,84516.01000000,84212.68000000,84419.48000000,416.52546000,1790200799999,35150631.92044800,66814,177.77182000,15001134.64664990,0
1790200800000,84419.49000000,84670.01000000,84344.51000000,84563.01000000,361.03249000,1790204399999,30517559.84905350,76680,141.33789000,11948138.38059000,0
1790204400000,84563.01000000,84566.00000000,84352.00000000,84397.60000000,199.98478000,1790207999999,16893588.65164040,56686,78.78097000,6654885.29417720,0
1790208000000,84397.60000000,84494.50000000,84213.99000000,84318.00000000,498.25449000,1790211599999,42029724.72437060,103873,262.30297000,22125723.43364150,0
1790211600000,84318.00000000,84470.47000000,84064.00000000,84104.35000000,584.80296000,1790215199999,49267816.02861950,121489,248.66091000,20949701.90049470,0
1790215200000,84104.35000000,84372.01000000,83744.70000000,84365.54000000,649.85626000,1790218799999,54628291.63468020,114927,271.28291000,22817680.61819600,0
1790218800000,84365.55000000,84480.01000000,83850.00000000,83934.01000000,368.89645000,1790222399999,31033954.24505810,87260,173.18660000,14572406.94510920,0
1790222400000,83934.01000000,84054.05000000,83781.89000000,84046.00000000,361.13702000,1790225999999,30293174.37034690,81695,180.98608000,15182783.45867170,0
1790226000000,84046.00000000,84400.00000000,83959.55000000,83978.02000000,317.28584000,1790229599999,26709454.96424020,79892,158.24084000,13322850.03904080,0
1790229600000,83978.02000000,84225.07000000,83918.84000000,84113.99000000,490.37230000,1790233199999,41250959.91983840,113388,186.06952000,15649810.11347180,0
1790233200000,84114.00000000,84612.01000000,83950.00000000,84524.02000000,983.17968000,1790236799999,82974731.63152270,124164,561.96919000,47438031.11543920,0
1790236800000,84524.02000000,84622.01000000,83301.00000000,83660.00000000,1604.94809000,1790240399999,134704970.93727600,222914,841.20038000,70669389.70705470,0
1790240400000,83660.01000000,83743.43000000,82874.93000000,83263.95000000,1740.04754000,1790243999999,144803102.71132880,240310,617.68403000,51438092.62300070,0
1790244000000,83263.96000000,83566.66000000,83156.00000000,83512.20000000,948.52494000,1790247599999,79071474.89959250,142280,517.02802000,43108584.27645220,0
1790247600000,83512.20000000,83616.01000000,83399.47000000,83494.58000000,547.25890000,1790251199999,45703674.18312260,83770,246.12540000,20553264.16697640,0
1790251200000,83494.59000000,83670.01000000,83346.66000000,83604.26000000,495.65647000,1790254799999,41393607.36164860,106358,227.80973000,19024288.12543320,0
1790254800000,83604.26000000,84340.01000000,83600.00000000,84258.43000000,1073.28333000,1790258399999,90133999.59429490,253895,609.61496000,51201104.52573570,0
1790258400000,84258.42000000,84942.45000000,83388.88000000,83673.77000000,2183.00027000,1790261999999,184040622.42634970,292893,819.81302000,69143755.69063490,0
1790262000000,83673.77000000,84468.01000000,83508.00000000,84418.00000000,1011.03559000,1790265599999,84994898.22575820,199269,541.77042000,45546385.15577500,0
1790265600000,84418.01000000,84924.01000000,84044.02000000,84500.33000000,1160.39204000,1790269199999,98121849.81881750,242494,598.19476000,50589478.19010550,0
1790269200000,84500.32000000,84562.01000000,84017.68000000,84110.00000000,702.81371000,1790272799999,59249423.60243040,152998,270.84589000,22837625.34631570,0
1790272800000,84110.00000000,84554.00000000,83888.00000000,84476.01000000,511.24518000,1790276399999,43109187.16049710,126333,245.65725000,20712841.65803880,0
1790276400000,84476.01000000,84660.00000000,84298.00000000,84412.65000000,650.38242000,1790279999999,54961752.37880660,108993,303.64227000,25659278.46883200,0
1790280000000,84412.64000000,84500.00000000,84170.00000000,84371.63000000,604.16860000,1790283599999,50959793.77346170,98072,327.22778000,27605343.13645300,0
1790283600000,84371.62000000,84501.16000000,84290.00000000,84350.00000000,421.87972000,1790287199999,35607585.55082820,71742,252.84793000,21338767.23946290,0
1790287200000,84350.00000000,84368.01000000,83948.43000000,84277.32000000,524.28650000,1790290799999,44136761.83218060,75906,208.60955000,17562095.32624630,0
1790290800000,84277.32000000,84473.58000000,84269.99000000,84410.24000000,270.91141000,1790294399999,22861335.69832670,48136,126.73544000,10694307.19207430,0
1790294400000,84410.24000000,84718.02000000,84410.24000000,84590.01000000,583.04093000,1790297999999,49335763.30479770,106097,273.09282000,23106911.99439790,0
1790298000000,84590.01000000,84796.51000000,84366.00000000,84610.73000000,553.77183000,1790301599999,46853025.44024950,103834,258.44715000,21866960.28231450,0
1790301600000,84610.74000000,84888.00000000,84180.00000000,84226.16000000,577.26362000,1790305199999,48833084.21303810,99516,175.97477000,14888249.67658950,0
1790305200000,84226.17000000,84385.10000000,84063.18000000,84231.19000000,421.10752000,1790308799999,35475662.06316420,79826,188.64732000,15894593.82649180,0
1790308800000,84231.19000000,84298.01000000,84061.22000000,84208.01000000,494.24466000,1790312399999,41602855.47134810,61400,247.14484000,20803021.48609630,0
1790312400000,84208.00000000,84347.86000000,84096.94000000,84194.01000000,303.94989000,1790315999999,25594662.01584080,52792,136.99885000,11536481.44687350,0
1790316000000,84194.00000000,84284.01000000,83938.00000000,84036.00000000,402.77283000,1790319599999,33861983.20905430,72129,166.98447000,14040021.13643370,0
1790319600000,84036.01000000,84096.01000000,83750.50000000,84043.96000000,1342.44951000,1790323199999,112717117.20745850,95568,605.01731000,50800180.48660930,0
1790323200000,84043.96000000,84512.00000000,84028.98000000,84417.06000000,686.85192000,1790326799999,57858810.58239290,85249,441.43062000,37181781.29623640,0
1790326800000,84417.05000000,84870.00000000,84417.05000000,84570.01000000,698.57495000,1790330399999,59137200.07680530,83642,357.39532000,30250832.51673720,0
1790330400000,84570.02000000,84870.00000000,84394.00000000,84713.66000000,540.85310000,1790333999999,45792628.52325820,82006,264.18898000,22369474.74899930,0
1790334000000,84713.67000000,85255.00000000,84567.02000000,84582.64000000,1799.94837000,1790337599999,153038234.88361460,163756,1166.79730000,99241244.32345840,0
1790337600000,84582.64000000,84704.00000000,83900.00000000,84471.80000000,1293.76547000,1790341199999,109169220.48568900,234075,547.80335000,46227268.11269280,0
1790341200000,84471.79000000,84600.01000000,83530.06000000,83923.71000000,1647.67121000,1790344799999,138575414.39733540,320091,702.70484000,59122921.69875180,0
1790344800000,83923.71000000,84030.01000000,83183.00000000,84016.01000000,2047.65742000,1790348399999,171277495.13419700,358243,866.84619000,72504758.88457930,0
1790348400000,84016.01000000,84092.01000000,83363.63000000,83796.01000000,1178.04356000,1790351999999,98648761.09920970,255566,423.03073000,35437411.78035480,0
1790352000000,83796.01000000,84115.87000000,83720.00000000,83742.22000000,787.15982000,1790355599999,66076705.71909190,172808,381.73824000,32041973.18721000,0
1790355600000,83742.23000000,83995.84000000,83628.00000000,83785.11000000,596.02916000,1790359199999,49967104.95424870,108969,321.41936000,26944788.66484150,0
1790359200000,83785.11000000,84081.41000000,83785.11000000,83968.00000000,341.90397000,1790362799999,28707845.18084080,65530,157.29907000,13206197.14660220,0
1790362800000,83968.01000000,84078.23000000,83934.00000000,84020.01000000,328.96659000,1790366399999,27636486.56497980,62947,167.49005000,14070092.23806130,0
1790366400000,84020.01000000,84193.39000000,83817.89000000,83886.00000000,308.93872000,1790369999999,25958148.42690340,55988,148.69255000,12494518.38488260,0
1790370000000,83886.01000000,83921.36000000,83632.03000000,83792.00000000,365.84717000,1790373599999,30648142.52148340,56557,125.95640000,10549045.27888740,0
1790373600000,83792.00000000,84123.35000000,83765.26000000,84083.05000000,367.91947000,1790377199999,30908925.10126030,45404,191.31512000,16074601.67319930,0
1790377200000,84083.05000000,84106.00000000,84020.00000000,84099.99000000,387.53350000,1790380799999,32581702.11723470,26603,224.71829000,18893032.72920330,0
1790380800000,84100.00000000,84145.26000000,83798.00000000,83910.01000000,384.81627000,1790384399999,32312893.13755170,50730,156.35704000,13126640.53446340,0
1790384400000,83910.01000000,84086.01000000,83906.72000000,84076.66000000,380.38641000,1790387999999,31941592.63160400,44570,177.53842000,14907873.45718920,0
1790388000000,84076.67000000,84138.60000000,83996.00000000,84010.00000000,353.25072000,1790391599999,29686730.96701080,43716,149.05712000,12526347.57847840,0
1790391600000,84010.00000000,84049.83000000,83909.98000000,83939.00000000,235.38951000,1790395199999,19765901.74524360,35737,139.10138000,11680617.53448010,0
1790395200000,83939.01000000,84045.65000000,83848.91000000,83976.00000000,366.59190000,1790398799999,30778408.99085340,45671,186.01741000,15619178.03764170,0
1790398800000,83976.01000000,84012.93000000,83891.27000000,83919.69000000,196.54010000,1790402399999,16500367.54944430,36202,93.89638000,7882885.55643280,0
1790402400000,83919.69000000,83968.01000000,83876.58000000,83891.22000000,292.11571000,1790405999999,24513350.87438210,42208,136.64802000,11467140.34011360,0
1790406000000,83891.23000000,84134.01000000,83891.23000000,84116.80000000,280.35605000,1790409599999,23558940.08916990,34583,182.38305000,15326056.62644710,0
1790409600000,84116.79000000,84336.96000000,84032.06000000,84220.01000000,377.17990000,1790413199999,31748531.65796860,44287,240.59558000,20250837.20257480,0
1790413200000,84220.01000000,84220.01000000,83966.03000000,84021.95000000,300.20233000,1790416799999,25230302.72507860,57722,119.01774000,10003364.89440900,0
1790416800000,84021.96000000,84184.95000000,84021.95000000,84179.92000000,213.98608000,1790420399999,18003616.95908200,38385,132.37199000,11136616.71496180,0
1790420400000,84179.92000000,84199.97000000,84130.79000000,84176.00000000,198.01949000,1790423999999,16668166.64398270,31407,88.89172000,7482213.22561730,0
1790424000000,84176.00000000,84204.88000000,84050.00000000,84051.90000000,235.98415000,1790427599999,19851232.74283230,32374,113.46421000,9544878.47740700,0
1790427600000,84051.89000000,84125.45000000,83856.23000000,83939.10000000,442.96191000,1790431199999,37191238.69533090,46572,170.78942000,14339728.39521890,0
1790431200000,83939.11000000,84049.19000000,83919.10000000,84020.00000000,252.95346000,1790434799999,21243720.45296080,26679,130.72184000,10977877.86546870,0
1790434800000,84020.01000000,84190.00000000,84010.49000000,84155.99000000,441.81063000,1790438399999,37153233.81456300,38407,263.52041000,22157595.20644810,0
1790438400000,84156.00000000,84174.33000000,84098.18000000,84120.00000000,264.14120000,1790441999999,22224526.05246930,29084,132.46185000,11145310.61532550,0
1790442000000,84120.00000000,84132.41000000,84041.92000000,84132.40000000,379.58461000,1790445599999,31917065.62229760,31817,169.92803000,14287923.99598080,0
1790445600000,84132.40000000,84162.52000000,83990.00000000,83998.68000000,395.31178000,1790449199999,33229722.49945830,32020,123.53558000,10384318.92505080,0
1790449200000,83998.68000000,84048.14000000,83976.74000000,84016.63000000,328.15515000,1790452799999,27571747.97145060,27537,126.11433000,10595913.14650220,0
1790452800000,84016.63000000,84097.88000000,83838.00000000,84030.34000000,225.50053000,1790456399999,18932992.34819660,42426,97.90799000,8221444.53985920,0
1790456400000,84030.35000000,84262.85000000,84030.34000000,84158.75000000,273.42687000,1790459999999,23011831.62550900,39333,177.58588000,14944993.83219320,0
1790460000000,84158.74000000,84420.59000000,84158.74000000,84276.01000000,558.31930000,1790463599999,47068621.40104940,46506,294.45680000,24821078.06472010,0
1790463600000,84276.01000000,84394.99000000,84276.00000000,84383.14000000,59.77106000,1790467199999,5041863.93089260,13752,33.93801000,2862560.03240180,0
